"Year","Season","Mean_water_level","Maximum_water_level"
"2007","April-May",0.47,0.75
"2007","June-July",0.64,1.07
"2007","August-September",0.37,0.54
"2007","October-November",0.47,0.94
"2008","December-January",0.51,0.68
"2008","February-March",0.67,1.48
"2008","April-May",0.54,0.87
"2008","June-July",0.43,0.76
"2008","August-September",0.33,0.55
"2008","October-November",0.37,0.63
"2009","December-January",0.51,1.57
"2009","February-March",0.7,1.29
"2009","April-May",0.46,0.67
"2009","June-July",0.47,1.12
"2009","August-September",0.47,1.08
"2009","October-November",0.65,1.64
"2010","December-January",0.54,0.81
"2010","February-March",0.71,1.01
"2010","April-May",0.63,1
"2010","June-July",0.64,1.17
"2010","August-September",0.45,0.9
"2010","October-November",0.52,0.8
"2011","December-January",0.55,0.87
"2011","February-March",0.71,1.37
"2011","April-May",0.73,1.9
"2011","June-July",0.51,1.28
"2011","August-September",0.46,1.7
"2011","October-November",0.41,0.72
"2012","December-January",0.45,0.6
"2012","February-March",0.56,1.04
"2012","April-May",0.48,0.88
"2012","June-July",0.48,0.98
"2012","August-September",0.28,0.55
"2012","October-November",0.46,0.74
"2013","December-January",0.55,0.94
"2013","February-March",0.62,0.91
"2013","April-May",0.38,0.6
"2013","June-July",0.34,0.6
"2013","August-September",0.52,2.64
"2013","October-November",0.51,1.07
"2014","December-January",0.48,0.81
"2014","February-March",0.68,1.04
"2014","April-May",0.43,0.81
"2014","June-July",0.3,0.45
"2014","August-September",0.52,1.47
"2014","October-November",0.45,1.34
"2015","December-January",0.55,1.01
"2015","February-March",0.65,1.22
"2015","April-May",0.48,0.82
"2015","June-July",0.51,1.62
"2015","August-September",0.42,0.84
"2015","October-November",0.35,0.56
"2016","December-January",0.46,0.9
"2016","February-March",0.52,1.12
"2016","April-May",0.41,0.67
"2016","June-July",0.43,0.81
"2016","August-September",0.45,1.06
"2016","October-November",0.44,0.76
"2017","December-January",0.53,1.04
"2017","February-March",0.59,0.89
"2017","April-May",0.46,0.96
"2017","June-July",0.34,0.81
"2017","August-September",0.48,1.41
"2017","October-November",0.62,2.37
"2018","December-January",0.48,0.98
"2018","February-March",0.59,1.05
"2018","April-May",0.53,0.92
"2018","June-July",0.49,1.71
"2018","August-September",0.47,1.44
"2018","October-November",0.28,1.19
"2019","December-January",0.4,0.63
"2019","February-March",0.53,0.83
"2019","April-May",0.33,0.53
"2019","June-July",0.3,0.53
"2019","August-September",0.36,0.87
"2019","October-November",0.37,1.33
"2020","December-January",0.38,0.51
"2020","February-March",0.42,0.77
"2020","April-May",0.38,0.81
"2020","June-July",0.54,1.18
"2020","August-September",0.27,0.61
"2020","October-November",0.34,0.61
"2021","December-January",0.38,0.64
"2021","February-March",0.43,0.7
"2021","April-May",0.42,0.91
"2021","June-July",0.37,0.79
"2021","August-September",0.49,1.1
