File_name,Folder,Description
Data_S1.csv,1.Data_tables,"The data of hydrological conditions at the monitoring site 2 km downstream from the sampling site."
Data_S2.csv,1.Data_tables,"The data of habitat conditions in the sampling site. The missing values were filled with 9999."
Data_S3.csv,1.Data_tables,"The data of the counts of individuals of vertevrates in the sampling site. The missing values were filled with 9999."
Data_S4.csv,1.Data_tables,"Output from the '1.SSM.R'. The bimonthly compiled and compensated data set of habitat conditions and vertebrate populations."
Data_S5.csv,1.Data_tables,"Output from the '3.S_map'. The effect from hydrological conditions on habitat conditions and vertebrates, that of habitat conditions on vertebrates, and interspecific interactions estimated from the empirical dynamic modeling in each time step."
Data_S6.csv,1.Data_tables,"Output from the '4.Dynamic_stability'. The mean interaction strength, the  mean abiotic effect, the biotic:abiotic ratio, and the dinamic stability in each time step."
model_env01.stan,2.Stan_codes,"The stan code of the local level model model to estimate the missing values of the proportion of each substrates."
model_env02.stan,2.Stan_codes,"The stan code of the local level model to estimate the missing values of the SD of water depth and current velocity."
model_fish01.stan,2.Stan_codes,"The stan code of the local level model to estimate the missing values of the abundance of vertebrates."
1.SSM.R,3.R_codes,"The R code to run the simulation of the local level model."
2.CCM.R,3.R_codes,"The R code to run the simulation of the convergent cross mapping."
3.S_map.R,3.R_codes,"The R code to run the simulation of the s-map."
4.Dymnamic_stability.R,3.R_codes,"The R code to calcurate the dynamic stability."
5.Figures.R,3.R_codes,"The R code to write figures."
Embedding_hydrologicals.csv,4.Parameters,"Output parameters from the '2.CCM.R'."
Embedding_habitats.csv,4.Parameters,"Output parameters from the '2.CCM.R'."
Embedding_vertebrates.csv,4.Parameters,"Output parameters from the '2.CCM.R'."
Embedding_network.csv,4.Parameters,"Output parameters from the '2.CCM.R'."
rho_habitats_hydrologicals.csv,4.Parameters,"Output parameters from the '2.CCM.R'."
rho_vertebrates_hydrologicals.csv,4.Parameters,"Output parameters from the '2.CCM.R'."
rho_vertebrates_habitats.csv,4.Parameters,"Output parameters from the '2.CCM.R'."
rho_vertebrates.csv,4.Parameters,"Output parameters from the '2.CCM.R'."
rho_maximumWaterLevel_habitats.csv,4.Parameters,"Output parameters from the '2.CCM.R'."
rho_maximumWaterLevel_vertebrates.csv,4.Parameters,"Output parameters from the '2.CCM.R'."
rho_network_hydrologicals.csv,4.Parameters,"Output parameters from the '2.CCM.R'."
Wtk.csv,4.Parameters,"Output of the weight matrix from the '3.s_map'."
Fig_2.pdf,5.Figures,"Output from the '5.Figures.R'."
Fig_3.pdf,5.Figures,"Output from the '5.Figures.R'."
Fig_4.pdf,5.Figures,"Output from the '5.Figures.R'."
Fig_5.pdf,5.Figures,"Output from the '5.Figures.R'."
Fig_6.pdf,5.Figures,"Output from the '5.Figures.R'."
Fig_S1.pdf,5.Figures,"Output from the '5.Figures.R'."
Fig_S2.pdf,5.Figures,"Output from the '5.Figures.R'."