"To","From","LibSize","surr","lower","median","upper"
"Andrias_japonicus","Sand",12,"obs",-0.277430987297408,-0.0136711840795322,0.178233643401718
"Andrias_japonicus","Sand",77,"obs",0.309735922102617,0.320860555737058,0.340705197254056
"Andrias_japonicus","Sand",12,"surr",-0.196086609503353,-0.115070023363328,-0.020810424094799
"Andrias_japonicus","Sand",77,"surr",-0.269753137895385,-0.0355667673207978,0.160582624811052
"Cynops_pyrrhogaster","Water_depth_SD",10,"obs",-0.107975335399387,-0.00318564139338242,0.0980186743689074
"Cynops_pyrrhogaster","Water_depth_SD",79,"obs",0.339903335798763,0.365768499841053,0.38661721039292
"Cynops_pyrrhogaster","Water_depth_SD",10,"surr",-0.157838568939468,-0.0902564481601695,0.00280946861192168
"Cynops_pyrrhogaster","Water_depth_SD",79,"surr",-0.287879633545968,-0.0539672225052156,0.17189547740669
"Cynops_pyrrhogaster","Boulder",10,"obs",-0.10274266475239,0.0479930645008904,0.199350304392937
"Cynops_pyrrhogaster","Boulder",79,"obs",0.436261459503246,0.454929200606649,0.466096862408206
"Cynops_pyrrhogaster","Boulder",10,"surr",-0.117576339336589,-0.0322778238133226,0.107869261201228
"Cynops_pyrrhogaster","Boulder",79,"surr",-0.119301366967227,0.0968757570702168,0.33315035534678
"Tribolodon_hakonensis","Water_depth_SD",8,"obs",-0.0481211380057643,0.312419543658781,0.448673983082813
"Tribolodon_hakonensis","Water_depth_SD",81,"obs",0.715812867499152,0.727569085548157,0.736702286584555
"Tribolodon_hakonensis","Water_depth_SD",8,"surr",-0.133299424946331,-0.0768298670798139,0.0162924654082366
"Tribolodon_hakonensis","Water_depth_SD",81,"surr",-0.280077336275242,-0.0282508592793205,0.197015135805834
"Tribolodon_hakonensis","Current_velocity_SD",8,"obs",-0.0526066088942152,0.154103585039223,0.325861020202907
"Tribolodon_hakonensis","Current_velocity_SD",81,"obs",0.422986955062062,0.433251226139074,0.443603995939782
"Tribolodon_hakonensis","Current_velocity_SD",8,"surr",-0.0763949919744682,0.0525483362079485,0.169515470032363
"Tribolodon_hakonensis","Current_velocity_SD",81,"surr",-0.0771688144058386,0.187813988742111,0.407959211540489
"Tribolodon_hakonensis","Pebble",8,"obs",0.00869978841912191,0.40136978145644,0.508946455684445
"Tribolodon_hakonensis","Pebble",81,"obs",0.521226866108584,0.530146149457414,0.538297855457451
"Tribolodon_hakonensis","Pebble",8,"surr",-0.133118864532873,-0.0716957789559629,0.00731027450400527
"Tribolodon_hakonensis","Pebble",81,"surr",-0.249956231016416,-0.0461654900978423,0.16518421703885
"Tribolodon_hakonensis","Cobble",8,"obs",0.197653152947244,0.398519155086719,0.494958709417971
"Tribolodon_hakonensis","Cobble",81,"obs",0.502611875140383,0.509990434767717,0.51773664802092
"Tribolodon_hakonensis","Cobble",8,"surr",-0.0994322228169378,-0.000979661349525672,0.124767644368203
"Tribolodon_hakonensis","Cobble",81,"surr",-0.235631755710673,0.0979641625025904,0.324484076713772
"Tribolodon_hakonensis","Bedrock",8,"obs",0.0243414043310491,0.243523258964274,0.398410229466596
"Tribolodon_hakonensis","Bedrock",81,"obs",0.463194833012175,0.473986605245539,0.486265002950411
"Tribolodon_hakonensis","Bedrock",8,"surr",-0.129353897591202,-0.0817134672211251,-0.0137311263725777
"Tribolodon_hakonensis","Bedrock",81,"surr",-0.285628431668153,-0.0594397739880005,0.159608603241283
"Rhynchocypris_oxycephalus","Current_velocity_SD",8,"obs",-0.147368954772384,0.12329462573785,0.255166644962347
"Rhynchocypris_oxycephalus","Current_velocity_SD",81,"obs",0.37508227135926,0.391808763463463,0.405612107835139
"Rhynchocypris_oxycephalus","Current_velocity_SD",8,"surr",-0.0911566064040964,0.00309280973674593,0.127586577669788
"Rhynchocypris_oxycephalus","Current_velocity_SD",81,"surr",-0.0903616404169816,0.150444208157843,0.295856911795867
"Rhynchocypris_oxycephalus","Sand",8,"obs",-0.195257798984772,0.0379801652279763,0.216089994578643
"Rhynchocypris_oxycephalus","Sand",81,"obs",0.225358004370605,0.253838628669654,0.279411547334749
"Rhynchocypris_oxycephalus","Sand",8,"surr",-0.127583752568689,-0.0703456046736843,0.0125569522798088
"Rhynchocypris_oxycephalus","Sand",81,"surr",-0.273927136790035,-0.0143952204967395,0.205727320958873
"Rhynchocypris_oxycephalus","Granule",8,"obs",-0.110806533433621,0.0819868115765899,0.303550183423706
"Rhynchocypris_oxycephalus","Granule",81,"obs",0.31040810113752,0.321518083079877,0.339273996997799
"Rhynchocypris_oxycephalus","Granule",8,"surr",-0.123841749956112,-0.065320454895713,0.0238182793657846
"Rhynchocypris_oxycephalus","Granule",81,"surr",-0.230184436169971,-0.0114785252661302,0.197708119183357
"Rhynchocypris_oxycephalus","Cobble",8,"obs",-0.157259438606343,0.161424734819922,0.339822499768484
"Rhynchocypris_oxycephalus","Cobble",81,"obs",0.358196475287266,0.372557368642779,0.384073717241257
"Rhynchocypris_oxycephalus","Cobble",8,"surr",-0.113098044484893,-0.0251072657904473,0.0996109456954156
"Rhynchocypris_oxycephalus","Cobble",81,"surr",-0.156064781094233,0.0687055222359566,0.343750130630977
"Rhynchocypris_oxycephalus","Bedrock",8,"obs",-0.124993270476578,0.165563561851008,0.326899391437818
"Rhynchocypris_oxycephalus","Bedrock",81,"obs",0.383720065914893,0.394925037805865,0.409085003174884
"Rhynchocypris_oxycephalus","Bedrock",8,"surr",-0.144409743837632,-0.0876695745645299,0.00417475566143561
"Rhynchocypris_oxycephalus","Bedrock",81,"surr",-0.235642541964616,-0.0447507229821766,0.194795553198026
"Cottus_pollux","Cobble",11,"obs",0.0528914152712262,0.260384936533401,0.421843549004409
"Cottus_pollux","Cobble",78,"obs",0.482680932619223,0.492311576015361,0.510447956104453
"Cottus_pollux","Cobble",11,"surr",-0.0942154929282136,0.0526028523834996,0.243778301461695
"Cottus_pollux","Cobble",78,"surr",-0.0485327629446433,0.228691987514506,0.451141281691825
"Rhinogobius_flumineus","Water_depth_SD",11,"obs",-0.177440829199983,-0.008336935447117,0.136300441683414
"Rhinogobius_flumineus","Water_depth_SD",78,"obs",0.311839472968429,0.343188391334392,0.351771044824769
"Rhinogobius_flumineus","Water_depth_SD",11,"surr",-0.119236545513138,-0.0624863129873247,0.0267507373086
"Rhinogobius_flumineus","Water_depth_SD",78,"surr",-0.346382203860283,-0.0793143232658684,0.131701883229066
"Rhinogobius_flumineus","Boulder",11,"obs",-0.138592116062702,0.16256422766328,0.344768939324768
"Rhinogobius_flumineus","Boulder",78,"obs",0.412071539561063,0.440765601163616,0.44801910315587
"Rhinogobius_flumineus","Boulder",11,"surr",-0.0388972218870215,0.089582697527497,0.218478728906223
"Rhinogobius_flumineus","Boulder",78,"surr",-0.0591711527260173,0.214594213474802,0.37739234276337
"Rhinogobius_flumineus","Bedrock",11,"obs",-0.12485823641268,0.0644648457341989,0.187584253777336
"Rhinogobius_flumineus","Bedrock",78,"obs",0.341177291386922,0.354546623154492,0.362181913647657
"Rhinogobius_flumineus","Bedrock",11,"surr",-0.117199515389054,-0.0606856236803064,0.0359150113574859
"Rhinogobius_flumineus","Bedrock",78,"surr",-0.318566079699696,-0.0740761644892539,0.154085408473281
