"To","From","LibSize","surr","lower","median","upper"
"Cynops_pyrrhogaster","Odontobutis_obscura",10,"obs",0.0455143487815215,0.208549940255048,0.352403899064784
"Cynops_pyrrhogaster","Odontobutis_obscura",79,"obs",0.499336806092062,0.508428135303357,0.51220215750917
"Cynops_pyrrhogaster","Odontobutis_obscura",10,"surr",-0.0158769344879496,0.119148575418805,0.262985603130281
"Cynops_pyrrhogaster","Odontobutis_obscura",79,"surr",0.101447529025428,0.34121209888522,0.498731152631259
"Oncorhynchus_masou","Andrias_japonicus",9,"obs",-0.147971202161698,0.0480444938808675,0.236134026020333
"Oncorhynchus_masou","Andrias_japonicus",80,"obs",0.260400854213043,0.272389881385577,0.284755706019451
"Oncorhynchus_masou","Andrias_japonicus",9,"surr",-0.156356077594078,-0.0982192866909559,-0.0205229289060116
"Oncorhynchus_masou","Andrias_japonicus",80,"surr",-0.253886551974024,-0.0218298987772094,0.171761575239129
"Oncorhynchus_masou","Cynops_pyrrhogaster",9,"obs",-0.16319513251043,0.101941077503432,0.287418178104244
"Oncorhynchus_masou","Cynops_pyrrhogaster",80,"obs",0.382697690086789,0.398559426207397,0.407752672023316
"Oncorhynchus_masou","Cynops_pyrrhogaster",9,"surr",-0.114530598244399,-0.048284353796468,0.0919146977976061
"Oncorhynchus_masou","Cynops_pyrrhogaster",80,"surr",-0.131874363227928,0.0415577928084177,0.304837288133591
"Oncorhynchus_masou","Pseudogobio_esocinus",9,"obs",0.00599126437293519,0.223747264646334,0.350096526269623
"Oncorhynchus_masou","Pseudogobio_esocinus",80,"obs",0.411485022118966,0.416937144054736,0.430698094270506
"Oncorhynchus_masou","Pseudogobio_esocinus",9,"surr",-0.13962794452905,-0.0904998151445603,0.00587980577433308
"Oncorhynchus_masou","Pseudogobio_esocinus",80,"surr",-0.254771994641232,-0.0453781791931808,0.141903791409411
"Oncorhynchus_masou","Niwaella_delicata",9,"obs",-0.000804466168423794,0.139173964558822,0.354897149170747
"Oncorhynchus_masou","Niwaella_delicata",80,"obs",0.542406709119722,0.566456040813147,0.578047302732654
"Oncorhynchus_masou","Niwaella_delicata",9,"surr",-0.074101514855042,0.0543164695121085,0.240407712155358
"Oncorhynchus_masou","Niwaella_delicata",80,"surr",-0.100821049888816,0.226105642974407,0.470400910914856
"Tribolodon_hakonensis","Liobagrus_reinii",8,"obs",0.118946136731599,0.390648365509627,0.630321950808133
"Tribolodon_hakonensis","Liobagrus_reinii",81,"obs",0.687186385086898,0.692238462142625,0.703451714982174
"Tribolodon_hakonensis","Liobagrus_reinii",8,"surr",0.0451819525513063,0.228302386231646,0.396835029274438
"Tribolodon_hakonensis","Liobagrus_reinii",81,"surr",0.0916529820911525,0.41593433581038,0.627709817368836
"Tribolodon_hakonensis","Cottus_pollux",8,"obs",-0.057798284081968,0.36038692812653,0.541324312542177
"Tribolodon_hakonensis","Cottus_pollux",81,"obs",0.59010431584537,0.597397224481884,0.609106412964611
"Tribolodon_hakonensis","Cottus_pollux",8,"surr",-0.0330893322933843,0.0746037878320641,0.252933312171115
"Tribolodon_hakonensis","Cottus_pollux",81,"surr",-0.0295039193704564,0.217659627313225,0.430014699706027
"Tribolodon_hakonensis","Odontobutis_obscura",8,"obs",0.019495085483913,0.270062547168005,0.422279387452551
"Tribolodon_hakonensis","Odontobutis_obscura",81,"obs",0.443211642068154,0.460192034535455,0.465993335000709
"Tribolodon_hakonensis","Odontobutis_obscura",8,"surr",-0.0212921981897812,0.0779825236520078,0.234308386073231
"Tribolodon_hakonensis","Odontobutis_obscura",81,"surr",-0.0535452324557329,0.211426754329706,0.416341041408108
"Rhynchocypris_oxycephalus","Andrias_japonicus",8,"obs",-0.16597369928673,0.0781124697144817,0.227335286764377
"Rhynchocypris_oxycephalus","Andrias_japonicus",81,"obs",0.377775779725563,0.389294627306801,0.400169937898222
"Rhynchocypris_oxycephalus","Andrias_japonicus",8,"surr",-0.132304087158959,-0.0807742016457032,0.00221306170615148
"Rhynchocypris_oxycephalus","Andrias_japonicus",81,"surr",-0.261216633289773,-0.0178699770853915,0.208052775425766
"Rhynchocypris_oxycephalus","Cynops_pyrrhogaster",8,"obs",-0.144415842386191,0.125463252075021,0.311790029484967
"Rhynchocypris_oxycephalus","Cynops_pyrrhogaster",81,"obs",0.446955025386297,0.45560826188337,0.469984272911566
"Rhynchocypris_oxycephalus","Cynops_pyrrhogaster",8,"surr",-0.0987553472297383,-0.00570100978704159,0.118412975512331
"Rhynchocypris_oxycephalus","Cynops_pyrrhogaster",81,"surr",-0.149468633598478,0.105248000297384,0.401067334213009
"Rhynchocypris_oxycephalus","Nipponocypris_temminckii",8,"obs",-0.202513886458945,0.192315476398042,0.338154042668591
"Rhynchocypris_oxycephalus","Nipponocypris_temminckii",81,"obs",0.416234981794406,0.425157676526871,0.436683825182523
"Rhynchocypris_oxycephalus","Nipponocypris_temminckii",8,"surr",-0.106554671296427,-0.0248510576424327,0.0717966019618955
"Rhynchocypris_oxycephalus","Nipponocypris_temminckii",81,"surr",-0.184328995713654,0.0295528142627954,0.233775325219788
"Rhynchocypris_oxycephalus","Liobagrus_reinii",8,"obs",-0.00171291133228558,0.251052795582246,0.446169117340683
"Rhynchocypris_oxycephalus","Liobagrus_reinii",81,"obs",0.633610729599496,0.646086140891009,0.653869059938173
"Rhynchocypris_oxycephalus","Liobagrus_reinii",8,"surr",0.0177171137889585,0.178155619228412,0.349974430130574
"Rhynchocypris_oxycephalus","Liobagrus_reinii",81,"surr",0.132850299973214,0.410235227323751,0.568076772189203
"Rhynchocypris_oxycephalus","Cottus_pollux",8,"obs",-0.118181296202982,0.103867419686785,0.3019489283188
"Rhynchocypris_oxycephalus","Cottus_pollux",81,"obs",0.420417247541862,0.436443121974156,0.45849941545147
"Rhynchocypris_oxycephalus","Cottus_pollux",8,"surr",-0.0691073318387441,0.0470572990520003,0.165738308233865
"Rhynchocypris_oxycephalus","Cottus_pollux",81,"surr",-0.0573489843340502,0.182228886207038,0.388643806599513
"Rhynchocypris_oxycephalus","Odontobutis_obscura",8,"obs",-0.0551800600586358,0.178307372041875,0.363750121067865
"Rhynchocypris_oxycephalus","Odontobutis_obscura",81,"obs",0.428752422101371,0.440715967657602,0.450142971624862
"Rhynchocypris_oxycephalus","Odontobutis_obscura",8,"surr",-0.0570103391941195,0.0354613129860257,0.200164343566212
"Rhynchocypris_oxycephalus","Odontobutis_obscura",81,"surr",-0.0508805872142436,0.159883752598263,0.426480113291929
"Nipponocypris_temminckii","Tribolodon_hakonensis",14,"obs",-0.212874972599113,0.19734965083473,0.317648468710504
"Nipponocypris_temminckii","Tribolodon_hakonensis",75,"obs",0.398790165205585,0.406593391572009,0.423106462151102
"Nipponocypris_temminckii","Tribolodon_hakonensis",14,"surr",-0.15954388622434,-0.0361360065861464,0.131294931407517
"Nipponocypris_temminckii","Tribolodon_hakonensis",75,"surr",-0.0914169001091309,0.11891862134994,0.376798519698048
"Nipponocypris_temminckii","Rhynchocypris_oxycephalus",14,"obs",0.0108040741139049,0.109682467012814,0.34575745941608
"Nipponocypris_temminckii","Rhynchocypris_oxycephalus",75,"obs",0.349616521381099,0.370232793489362,0.376683707017204
"Nipponocypris_temminckii","Rhynchocypris_oxycephalus",14,"surr",-0.182081143532534,-0.0551809546369504,0.102027225400694
"Nipponocypris_temminckii","Rhynchocypris_oxycephalus",75,"surr",-0.156183276690353,0.073282215968686,0.341790604064929
"Pungtungia_herzi","Liobagrus_reinii",8,"obs",0.374855979006632,0.614577793798003,0.725885970172912
"Pungtungia_herzi","Liobagrus_reinii",81,"obs",0.776912732879034,0.782326135458565,0.786306272613136
"Pungtungia_herzi","Liobagrus_reinii",8,"surr",0.378928654456319,0.503438007759994,0.574245648794879
"Pungtungia_herzi","Liobagrus_reinii",81,"surr",0.600348533307809,0.683990559673544,0.771785681424116
"Pseudogobio_esocinus","Andrias_japonicus",9,"obs",-0.154848202735783,0.0765804851766416,0.243249463182112
"Pseudogobio_esocinus","Andrias_japonicus",80,"obs",0.303352427145202,0.320690111937445,0.335964183858944
"Pseudogobio_esocinus","Andrias_japonicus",9,"surr",-0.157600297144186,-0.0877118057993194,-0.00976958646920419
"Pseudogobio_esocinus","Andrias_japonicus",80,"surr",-0.253312937619097,-0.0422605133560843,0.156997361961051
"Pseudogobio_esocinus","Tribolodon_hakonensis",9,"obs",-0.168819643951005,0.0773061815687826,0.258712417882195
"Pseudogobio_esocinus","Tribolodon_hakonensis",80,"obs",0.282242506450052,0.295132610312222,0.30531480132719
"Pseudogobio_esocinus","Tribolodon_hakonensis",9,"surr",-0.147630526443069,-0.0721686102524016,0.0412024593553965
"Pseudogobio_esocinus","Tribolodon_hakonensis",80,"surr",-0.271724369893531,-0.0134350263702921,0.232770487670211
"Pseudogobio_esocinus","Rhynchocypris_oxycephalus",9,"obs",-0.137136577806573,0.0874681288457135,0.232461791661008
"Pseudogobio_esocinus","Rhynchocypris_oxycephalus",80,"obs",0.348582245844665,0.368370448319043,0.402808916373437
"Pseudogobio_esocinus","Rhynchocypris_oxycephalus",9,"surr",-0.139105532442001,-0.0721985978670865,0.0475342652194368
"Pseudogobio_esocinus","Rhynchocypris_oxycephalus",80,"surr",-0.232628740232205,-0.000367058863824496,0.233093551393333
"Niwaella_delicata","Nipponocypris_temminckii",7,"obs",-0.00776440973026974,0.172585728086072,0.325311361035852
"Niwaella_delicata","Nipponocypris_temminckii",82,"obs",0.46002852525316,0.486106379322253,0.493677299534702
"Niwaella_delicata","Nipponocypris_temminckii",7,"surr",-0.00570233178981326,0.10886070968754,0.216974857763036
"Niwaella_delicata","Nipponocypris_temminckii",82,"surr",-0.0907142925838044,0.16802490436534,0.348738379136502
"Odontobutis_obscura","Tribolodon_hakonensis",11,"obs",-0.0288903033340793,0.354068413314198,0.460024407842798
"Odontobutis_obscura","Tribolodon_hakonensis",78,"obs",0.46549053921455,0.47613982654033,0.486462046399978
"Odontobutis_obscura","Tribolodon_hakonensis",11,"surr",-0.0511094712819475,0.0884010158000009,0.271072429118117
"Odontobutis_obscura","Tribolodon_hakonensis",78,"surr",0.0464289156167085,0.265362536278147,0.451348733193913
"Odontobutis_obscura","Nipponocypris_temminckii",11,"obs",-0.0197546405147505,0.255717944239232,0.38831172948121
"Odontobutis_obscura","Nipponocypris_temminckii",78,"obs",0.390266184073371,0.406083061210408,0.423997998146772
"Odontobutis_obscura","Nipponocypris_temminckii",11,"surr",-0.09300750149494,0.0323765790274919,0.209717549754695
"Odontobutis_obscura","Nipponocypris_temminckii",78,"surr",-0.117616557214616,0.145229939755997,0.372577668928917
"Odontobutis_obscura","Cottus_pollux",11,"obs",0.0984114632700229,0.413406649125452,0.556769215099431
"Odontobutis_obscura","Cottus_pollux",78,"obs",0.574040108489959,0.588328101365138,0.6031456942444
"Odontobutis_obscura","Cottus_pollux",11,"surr",0.10842956883431,0.251670449573106,0.38586370694538
"Odontobutis_obscura","Cottus_pollux",78,"surr",0.246335789839772,0.432763270406848,0.562196575716069
"Rhinogobius_flumineus","Liobagrus_reinii",11,"obs",0.559392037660025,0.722511350561529,0.790426703487121
"Rhinogobius_flumineus","Liobagrus_reinii",78,"obs",0.875283187330596,0.876847181847055,0.879824509003037
"Rhinogobius_flumineus","Liobagrus_reinii",11,"surr",0.572502482106101,0.647960975225045,0.700002710126187
"Rhinogobius_flumineus","Liobagrus_reinii",78,"surr",0.739218473015015,0.795034128622995,0.840734377273842
