"To","From","LibSize","surr","lower","median","upper"
"Cynops_pyrrhogaster","Mean_water_level",10,"obs",-0.188244045536639,0.243276326285529,0.402847870202153
"Cynops_pyrrhogaster","Mean_water_level",79,"obs",0.545972561708474,0.552173511592607,0.558277509899619
"Cynops_pyrrhogaster","Mean_water_level",10,"surr",-0.0142720032015454,0.111807655868124,0.251134766848306
"Cynops_pyrrhogaster","Mean_water_level",79,"surr",0.142510826915945,0.3700528528702,0.536986836550199
"Oncorhynchus_masou","Mean_water_level",9,"obs",-0.171062324413702,0.026059942764537,0.201683959616529
"Oncorhynchus_masou","Mean_water_level",80,"obs",0.230045481713591,0.258108276060255,0.271808534089078
"Oncorhynchus_masou","Mean_water_level",9,"surr",-0.132710783136801,-0.056692512167498,0.0474328076171377
"Oncorhynchus_masou","Mean_water_level",80,"surr",-0.209566808458299,0.0137652022967632,0.22762472618538
"Tribolodon_hakonensis","Mean_water_level",8,"obs",-0.084541258846038,0.173134835028797,0.349087364166475
"Tribolodon_hakonensis","Mean_water_level",81,"obs",0.435773822096419,0.45066009881498,0.462485492027076
"Tribolodon_hakonensis","Mean_water_level",8,"surr",-0.0738819323932206,0.0257640203375288,0.175977202130137
"Tribolodon_hakonensis","Mean_water_level",81,"surr",-0.113023546334683,0.136612523504272,0.396698457345565
"Rhynchocypris_oxycephalus","Mean_water_level",8,"obs",-0.0308943913360969,0.127138430095798,0.281788091782319
"Rhynchocypris_oxycephalus","Mean_water_level",81,"obs",0.459706221911943,0.478833639589539,0.488583640533726
"Rhynchocypris_oxycephalus","Mean_water_level",8,"surr",-0.0922280413445441,0.0111368347517136,0.139072818669672
"Rhynchocypris_oxycephalus","Mean_water_level",81,"surr",-0.146266043009562,0.155762127283984,0.374670268157749
"Rhynchocypris_oxycephalus","Maximum_water_level",8,"obs",-0.150166181802875,0.00513835756744812,0.171554033717306
"Rhynchocypris_oxycephalus","Maximum_water_level",81,"obs",0.271979580713937,0.290941726976914,0.304292927537381
"Rhynchocypris_oxycephalus","Maximum_water_level",8,"surr",-0.122641947029991,-0.0707051847995382,0.00203248739043676
"Rhynchocypris_oxycephalus","Maximum_water_level",81,"surr",-0.246927714623824,-0.00764147693389568,0.207126099763796
"Nipponocypris_temminckii","Maximum_water_level",14,"obs",-0.261366281312593,0.0235948058374992,0.189690791787056
"Nipponocypris_temminckii","Maximum_water_level",75,"obs",0.229377229777569,0.244036739286124,0.258667898186732
"Nipponocypris_temminckii","Maximum_water_level",14,"surr",-0.224055962791245,-0.143507749693422,-0.0326357573109346
"Nipponocypris_temminckii","Maximum_water_level",75,"surr",-0.31199877302224,-0.0884646756562834,0.127014670200102
"Pseudogobio_esocinus","Mean_water_level",9,"obs",-0.197079455473026,0.0131868904727627,0.160832418281771
"Pseudogobio_esocinus","Mean_water_level",80,"obs",0.283599164301358,0.298344647088833,0.308126168605677
"Pseudogobio_esocinus","Mean_water_level",9,"surr",-0.158420837307808,-0.0819824617145701,0.0290616517454535
"Pseudogobio_esocinus","Mean_water_level",80,"surr",-0.286893201751406,0.00420430975763705,0.270987747894024
